SH_Customer No,SH_Customer City,SH_Customer Post Code
0000000250,ASCOT VALE,3032
0000000263,FRANKLIN,7113
0000000264,Launceston,7250
0000000510,Boyer,7140
0000000511,DEVONPORT,7310
0000000689,Burnie,7320
0000000796,LUTANA,7001
0000001129,GLENORCHY,7010
0000001316,Launceston,7250
0000002148,MOONAH,7009
0000002180,HOBART,7000
0000002191,MOONAH,7009
0000002205,Goodwood,7010
0000002235,Launceston,7250
0000002247,HOBART,7001
0000002256,Launceston,7250
0000002306,MOONAH,7009
0000002308,DEVONPORT,7310
0000002312,QUEENSTOWN,7467
0000002315,HOBART,7001
0000002330,BELLFIELD VIA DEVONPORT,7310
0000002358,WESTBURY,7303
0000002360,NORTH HOBART,7002
0000002365,Launceston,7250
0000002462,GLENORCHY,7010
0000002586,HOBART,7000
0000002649,CURRIE KING ISLAND,7256
0000002739,Launceston,7250
0000002767,WEB DOCK,3001
0000002858,INVERMAY,7248
0000002866,HOBART SOUTH,7004
0000002888,Launceston,7250
0000003246,MOONAH,7009
0000003253,Launceston,7250
0000003266,BELLERIVE,7018
0000003268,FORTH,7310
0000003272,Launceston,7250
0000003273,MOONAH,7009
0000003287,ROSNY PARK,7018
0000003291,Launceston,7250
0000003328,QUEENSTOWN,7467
0000003334,MOONAH,7009
0000003344,WYNYARD,7325
0000003352,BURNIE  TAS,7320
0000003385,INVERMAY,7248
0000003386,DEVONPORT,7310
0000003391,Launceston,7250
0000003400,RENISON BELL,7469
0000003419,GEORGETOWN,7253
0000003436,MOONAH,7009
0000003438,DEVONPORT,7310
0000003441,DEVONPORT,7310
0000003446,WYNYARD,7325
0000003454,KINGSTON,7050
0000003455,KINGSTON,7050
0000003457,DEVONPORT,7310
0000003461,Launceston,7250
0000003466,SEVEN MILE BEACH,7170
0000007996,NEW NORFOLK,7140
0000008050,Boyer,7140
0000008102,MOONAH,7009
0000008568,Launceston,7250
0000008641,DERWENT PARK,7010
0000008654,East Devonport,7310
0000008752,East Devonport,7310
0000008826,SAVAGE RIVER,7321
0000009324,QUIOBA,7310
0000009547,Burnie,7320
0000009548,ROSEBERY,7470
0000009549,HOBART,7000
0000009550,MOONAH,7009
0000009551,Launceston,7250
0000009552,MOWBRAY HEIGHTS,7248
0000009553,ROCHERLEA,7248
0000009554,ROCHERLEA,7248
0000009555,Launceston,7250
0000009556,HEYBRIDGE,7316
0000009557,DEVONPORT,7310
0000009558,Burnie,7320
0000009559,WESLEY VALE,7307
0000009560,Burnie,7320
0000009561,Burnie,7320
0000009562,NEWTOWN,7000
0000009563,East Devonport,7310
0000009564,Launceston,7250
0000009565,SMITHTON,7250
0000009566,GLENORCHY,7010
0000009567,MOONAH,7009
0000009568,Launceston,7250
0000009569,HOBART,7000
0000009570,Youngtown,7249
0000009571,ST HELENS,7216
0000009572,ST HELENS,7250
0000009573,ST MARYS,7250
0000009574,GAGEBROOK,7030
0000009575,BRIDGEWATER,7030
0000009576,Burnie,7320
0000009577,Burnie,7320
0000009578,Cooee,7320
0000009579,East Ridgley,7312
0000009580,HOBART.,7001
0000009581,CLAREMONT HOBART,7011
0000009582,Cooee,7320
0000009583,HOBART,7001
0000009584,SOUTH HOBART,7004
0000009585,GEORGETOWN,7253
0000009586,Launceston,7250
0000009587,SMITHTON,7330
0000009588,SMITHTON,7330
0000009589,ROSNY PARK,7018
0000009590,ROSNY,7018
0000009591,EAST RISDON,7009
0000009592,BELLERIVE,7018
0000009593,ROKEBY,7018
0000009594,MONTAGU BAY,7018
0000009595,MOONAH,7000
0000009596,Launceston,7250
0000009597,Launceston,7250
0000009598,BELL BAY,7253
0000009599,GROVE,7109
0000009600,CRESSY,7250
0000009601,NEW NORFOLK,7140
0000009602,DEVONPORT,7250
0000009603,SCOTTSDALE,7260
0000009604,MOONAH,7009
0000009606,NEW TOWN,7008
0000009607,HOBART,7001
0000009608,HOBART,7000
0000009609,Launceston,7250
0000009610,ULVERSTONE,7250
0000009611,Launceston,7250
0000009612,HOBART,7001
0000009613,BRANXHOLM,7261
0000009614,PERTH,7300
0000009615,MOONAH,7009
0000009616,Launceston,7250
0000009617,HOBART,7000
0000009618,DEVONPORT,7116
0000009619,DELORAINE,7009
0000009620,PROSPECT VALE,7250
0000009621,GEORGE TOWN,7253
0000009622,BELL BAY,7250
0000009623,GEORGETOWN,7253
0000009624,SANDY BEACH,7250
0000009625,HOBART,7001
0000009626,TRIABUNNA,7190
0000009627,GLENORCHY,7010
0000009628,GLENORCHY,7010
0000009629,BERRIEDALE,7011
0000009630,DERWANT PARK,7000
0000009632,MOONAH,7009
0000009633,DEVONPORT,7310
0000009634,HOBART,7001
0000009635,HOBART,7000
0000009636,HOBART,7000
0000009637,HOBART,7000
0000009638,HOBART,7001
0000009639,GLENORCHY,7010
0000009640,Risdon Vale,7015
0000009641,HOBART,7250
0000009642,Launceston,7250
0000009643,Launceston,7250
0000009644,HOBART,7000
0000009646,HUONVILLE,7109
0000009647,HUONVILLE,7109
0000009648,HUONVILLE,7109
0000009649,HOBART,7001
0000009650,GEOGETOWN,7253
0000009651,NEW TOWN,7008
0000009652,Launceston,7250
0000009653,Launceston,7250
0000009654,KINGSTON,7150
0000009655,HOBART,7000
0000009656,BLACKMANS BAY,7052
0000009657,HOBART,7000
0000009658,PORT SORELL,7307
0000009659,Launceston,7250
0000009660,Launceston,7250
0000009661,Launceston,7250
0000009662,NORWOOD,7250
0000009663,Launceston,7250
0000009664,Launceston,7250
0000009665,NEWNHAM,7248
0000009666,INVERMAY,7248
0000009667,HUNTINGFIELD,7055
0000009668,LONGFORD,7301
0000009669,CRESSY,7302
0000009670,WESTBURY,7303
0000009671,DELORAINE,7304
0000009672,WESTBURY,7303
0000009673,Youngtown,7249
0000009674,ULVERSTONE,7315
0000009675,DEVONPORT,7250
0000009676,GAWLER,7315
0000009677,LAKE BARRINGTON,7250
0000009678,CAM TREATMENT WORKS,7250
0000009679,PALOONA,7310
0000009680,SMITHTON,7330
0000009681,LONGFORD,7301
0000009682,LONGFORD,7301
0000009683,Campbell Town,7210
0000009684,HOBART,7001
0000009685,HOBART,7000
0000009686,HOBART,7000
0000009687,HOBART,7000
0000009688,Roseberry,7470
0000009689,QUOIBA,7310
0000009690,Launceston,7248
0000009691,NEWNHAM.,7248
0000009692,ZEEHAN,7469
0000009693,ZEEHAN,7469
0000009694,Launceston,7250
0000009695,QUEENSTOWN,7467
0000009696,HOBART,7001
0000009697,HOBART,7000
0000009698,BRIDGEWATER,7030
0000009699,Launceston,7250
0000009700,Launceston,7250
0000009701,WHITE HILLS,7258
0000009702,RIVERSIDE,7250
0000009703,BELL BAY,7253
0000009704,ORFORD,7190
0000009705,Bellfield Via East Devonport,7310
0000009706,DEVONPORT,7250
0000009707,HUONVILLE,7109
0000009708,DEVONPORT,7250
0000009711,ULVERSTONE,7315
0000009712,ULVERSTONE,7315
0000009713,DEVONPORT,7310
0000009714,SCOTTSDALE,7260
0000009715,QUOIBA,7310
0000009716,SCOTTSDALE,7260
0000009717,SCOTTSDALE,7260
0000009718,SCOTTSDALE,7260
0000009719,SORELL,7172
0000009720,SORELL,7172
0000009721,SORELL,7172
0000009722,Oatlands,7120
0000009723,Oatlands,7120
0000009724,GEORGE TOWN,7253
0000009726,DEVONPORT,7310
0000009727,DEVONPORT,7310
0000009728,WESTBURY,7303
0000009730,WESTBURY,7303
0000009731,NORTH HOBART,7000
0000009732,NORTH HOBART,7002
0000009733,GLENORCHY,7010
0000009734,DERWENT PARK,7009
0000009735,SANDY BAY,7005
0000009736,SANDY BAY,7005
0000009737,MOONAH,7009
0000009738,MOONAH,7009
0000009739,DEVONPORT,7310
0000009740,QUOIBA,7310
0000009741,WYNYARD,7325
0000009742,DEVONPORT,7250
0000009743,LEGERWOOD,7250
0000009744,QUOIBA,7310
0000009745,QUOIBA,7310
0000009746,WYNYARD,7325
0000009747,WYNYARD,7325
0000009748,ZEEHAN,7469
0000009749,QUEENSTOWN,7250
0000009750,QUEENSTOWN,7320
0000009751,RIVERSIDE,7250
0000011083,WESLEY VALE,7307
0000011084,Launceston,7250
0000011085,Waverley,7250
0000011086,RIVERSIDE,7250
0000011087,Launceston,7250
0000011088,LONGFORD,7301
0000011090,Launceston,7250
0000011091,SOUTH HOBART,7001
0000011093,Launceston,7250
0000011171,Burnie,7321
0000011419,DEVONPORT,7310
0000011561,Spreyton,7310
0000011572,PORT ARTHUR,7182
0000011573,HOBART,7182
0000011579,St Leonards,7250
0000011812,MOWBRAY,7248
0000012290,DEVONPORT,7310
0000012652,SMITHTON,7330
0000012656,BELL BAY,7253
0000012669,Cambridge,7170
0000016609,SCOTTSDALE,7260
0000016654,SAVAGE RIVER,7321
0000016861,KINGS MEADOWS,7249
0000016906,RICHMOND,7025
0000016907,HOBART,7000
0000016910,BELL BAY,7253
0000016976,HOBART,7001
0000017166,WESLEY VALE,7310
0000017210,Wivenhoe,7320
0000017224,SORELL,7172
0000017288,Latrobe,7307
0000017301,BREADALBANE,7258
0000017397,ULVERSTONE,7315
0000017653,NEWSTEAD,7250
0000017910,Launceston,7250
0000018041,LONGFORD,7301
0000018179,WESLEY VALE,7307
0000018196,DERWENT PARK,7009
0000018288,MOONDAH,7009
0000018295,BUSHY PARK  TAS,7140
0000018321,FRANKLIN,7113
0000018322,WESLEY VALE,7307
0000018372,BEACONSFIELD,7270
0000018457,Launceston,7250
0000018515,LEGERWOOD,7261
0000018548,Launceston,7250
0000018587,Goodwood (Hobart),7010
0000018684,LAUNCESTON   TAS,7250
0000018691,ULVERSTONE,7315
0000018724,SYGNET,7112
0000018941,SMITHTON,7330
0000018946,BELL BAY,7253
0000018964,Launceston,7250
0000019097,GLENORCHY,7010
0000019116,MOONAH,7009
0000019326,WEST MOONAH,7010
0000019329,MONTAQU BAY HOBART,7018
0000019348,DEVONPORT,7310
0000019579,DOWSINGS POINT,7010
0000019590,"Wivenhoe, BURNIE",7320
0000019604,Latrobe,7307
0000019688,BELL BAY,7253
0000019720,Latrobe,7307
0000019790,Latrobe,7307
0000019860,DERWENT PARK,7009
0000019867,FLOWERY GULLY VIA BEACONSFIELD,7270
0000019905,ORFORD,7190
0000019907,TRIABUNNA,7190
0000020172,CAMDALE,7320
0000020176,Launceston,7250
0000020185,ST KILDA ROAD CENTRAL,8008
0000020212,HUONVILLE,7109
0000020365,DELORAINE,7304
0000020413,GEORGE TOWN,7253
0000020545,BELL BAY,7253
0000020666,DEVONPORT,7310
0000020728,PENGUIN,7316
0000020732,SMITHTON,7302
0000021077,HOBART,7000
0000021084,BEACONSFIELD,7270
0000021137,"BOYER, TASMANIA",7140
0000021273,Paradise,7306
0000021358,Launceston,7250
0000021437,Launceston,7250
0000021495,HOBART,7000
0000021525,Roseberry,7470
0000021526,LUTANA,7009
0000021545,Launceston,7250
0000021548,QUEENSTOWN,7467
0000021550,BELL BAY,7253
0000021859,GLENORCHY,7010
0000021910,DEVONPORT,7310
0000021920,MOWBRAY,7250
0000021925,DEVONPORT,7310
0000021948,SMITHTON,7330
0000022105,DEVONPORT,7310
0000022165,DERWENT PARK,7009
0000022186,HOBART,7000
0000022536,BELL BAY,7253
0000022568,BELL BAY,7253
0000022808,Launceston,7250
0000022861,Cambridge,7170
0000022955,Launceston,7250
0000023223,DEVONPORT,7310
0000023234,LINDESFARM,7015
0000023247,Launceston,7249
0000023336,KINGSMEADOW,7249
0000023381,ROSEVEARS,7277
0000023527,DEVONPORT,7310
0000023567,Launceston,7250
0000023660,ROSNY,7018
0000023739,Burnie,7320
0000023895,MOONAH,7009
0000023928,DEVONPORT,7310
0000024009,Burnie,7320
0000024162,GEORGE TOWN,7253
0000024374,KINGS MEADOW,7249
0000024532,DERWENT PARK,7009
0000024696,Cambridge,7170
0000025201,GEORGE TOWN,7253
0000025299,LUTANA-MOONAH,7009
0000025747,Launceston,7250
0000025748,GEORGE TOWN,7253
0000026006,Cambridge,7170
0000026084,DERWENT PARK,7009
0000026172,BELL BAY,7253
0000026314,Launceston,7250
0000027811,BELL BAY,7253
0000028006,MORNINGTON,7018
0000028160,Launceston,7250
0000028171,DEVONPORT,7310
0000028223,DELORAINE,7304
0000028304,PIPERS RIVER,7252
0000028320,DERWENT PARK,7000
0000028410,Latrobe,7307
0000028430,HOBART,7000
0000028602,SAVAGE RIVER,7321
0000028903,Launceston,7250
0000028913,DERWENT PARK,7009
0000029041,INVERMAY,7248
0000029193,LONGFORD,7301
0000029350,Latrobe,7307
0000029719,St Leonards,7250
0000029746,NEW NORFOLK,7140
0000029780,HOBART,7000
0000030024,LONGFORD,7301
0000030147,Bracknell & Exton,7302
0000030407,Ranelagh,7109
0000030495,WESLEY VALE,7307
0000030523,Wivenhoe,7320
0000030753,Launceston,7250
0000030755,SOUTH BURNIE,7320
0000030865,WESLEY VALE,7307
0000030970,BELL BAY,7253
0000031370,WESTBURY,7303
0000031556,Launceston,7250
0000031557,Rowella,7270
0000031625,ROCHERLEA,7248
0000031665,MOONAH,7009
0000031667,SOUTH HOBART,7004
0000031829,Nabowla,7254
0000031831,KINGSTON,7050
0000031832,MARGATE,7054
0000031833,PRINCE OF WALES BAY,7009
0000031834,DERWENT PARK,7009
0000031835,SOUTH HOBART,7004
0000031836,ULVERSTONE,7315
0000031837,Burnie,7320
0000032052,Edith Creek,7330
0000032126,HOBART,7000
0000032127,BELLERIVE,7018
0000032128,HOBART,7000
0000032129,GROVE,7109
0000032130,Cambridge,7170
0000032131,GLENORCHY,7010
0000032132,CARRICK,7291
0000032133,INVERMAY,7248
0000032134,INVERMAY,7248
0000032135,KINGS MEADOWS,7249
0000032136,WESTBURY,7303
0000032137,Rowella,7270
0000033996,DERWENT PARK,7009
0000034059,QUOIBA,7310
0000034106,Launceston,7250
0000034197,HOBART,7000
0000034250,HOBART,7000
0000034262,CURRIE,7256
0000034314,DEVONPORT,7310
0000034369,ZEEHAN,7469
0000034418,Wivenhoe,7320
0000034598,Claremont,7011
0000034658,Burnie,7320
0000034668,HOBART,7000
0000034755,"Kingston, Tasmania",7050
0000034757,Nabowla,7254
0000034891,CAMDALE,7320
0000035093,ROCHERLEA,7248
0000035142,MOONAH,7009
0000035200,HEYBRIDGE,7316
0000035227,Wivenhoe,7320
0000035265,Burnie,7322
0000035404,Burnie,7320
0000035499,Hamilton,7140
0000035767,GEORGE TOWN,7253
0000035874,Cambridge,7170
0000035875,HUNTINGFIELD,7055
0000035917,GEORGE TOWN,7253
0000036165,HOBART,7000
0000036299,INVERMAY,7248
0000036531,INVERMAY,7248
0000036545,MOONAH,7009
0000036619,INVERMAY,7250
0000036680,LONGFORD,7301
0000036748,Tarraleah,7140
0000036780,NEW NORFOLK,7010
0000036899,Launceston,7250
0000036995,CARRICK,7291
0000037046,Liffey,7301
0000037102,PENGUIN,7316
0000037139,Launceston,7250
0000037178,Cambridge,7170
0000037214,MOONAH,7009
0000037300,MONTAGU BAY,7018
0000037350,BICHENO,7215
0000037351,FORTH,7310
0000037403,"",7249
0000037423,Launceston,7250
0000037473,Burnie,7250
0000037736,SORRELL,7172
0000037782,DERWENT PARK,7000
0000037938,GLENORCHY,7010
0000037942,LAVERTON NORTH.   VIC,3026
0000037943,KINGS MEADOWS,7249
0000037964,SOUTH BURNIE,7320
0000038134,SMITHTON,7330
0000038305,DOWSING POINT,7010
0000038382,HOBART,7001
0000038383,Prospect,7250
0000038391,Lenah Valley,7008
0000038393,CAPE BARREN ISLAND,7257
0000038397,QUEENSTOWN,7467
0000038401,DERWENT PARK,7006
0000038403,ULVERSTONE,7315
0000038410,DEVONPORT,7310
0000038411,PORT ARTHUR,7182
0000038422,ULVERSTONE,7315
0000038425,HOBART,7001
0000038426,GLENORCHY,7010
0000038428,HOBART,7001
0000038429,ROUNDHILL,7320
0000038431,Burnie,7320
0000038433,Burnie,7320
0000038435,SHEFFIELD,7306
0000038437,LONGFORD,7301
0000038438,MARRAWAH,7330
0000038444,LAKE ST CLAIR,7140
0000038447,Youngtown,7249
0000038448,RICHMOND,7025
0000038451,ULVERSTONE,7315
0000038454,NUBEENA,7184
0000038455,INVERMAY,7248
0000038456,CHURCHILL,7010
0000038464,Burnie,7320
0000038477,MARGATE,7054
0000038480,ZEEHAN,7469
0000038482,Launceston,7250
0000038487,QUEENSTOWN,7467
0000038496,DEVONPORT,7310
0000038526,Burnie,7320
0000038535,WESLEY VALE,7307
0000038536,NEW NORFOLK,7140
0000038537,GEORGE TOWN,7253
0000038538,HEYBRIDGE,7316
0000038540,Burnie,7320
0000038541,SHEFFIELD,7306
0000038542,LONGFORD,7301
0000038548,BERRIEDALE,7011
0000038552,NUBEENA,7184
0000038568,BELL BAY,7253
0000038569,BEACONSFIELD,7270
0000038570,Youngtown,7249
0000038572,Burnie,7320
0000038573,Burnie,7320
0000038574,WESLEY VALE,7307
0000038576,DEVONPORT,7310
0000038582,SOUTH HOBART,7004
0000038583,ST HELENS,7216
0000038588,Burnie,7320
0000038589,ROKEBY,7019
0000038590,Edith Creek,7330
0000038591,BELL BAY,7253
0000038594,BARRINGTON,7306
0000038595,SOMERSET,7322
0000038596,FORTH,7310
0000038597,BARRINGTON,7310
0000038598,ULVERSTONE,7315
0000038599,SMITHTON,7330
0000038600,PENGUIN,7316
0000038611,Burnie,7320
0000038615,BELL BAY,7253
0000038616,WHITE HILLS,7250
0000038617,WAVERLY,7250
0000038618,BLACKSTONE HEIGHTS,7250
0000038619,Trevallyn,7250
0000038622,GEORGE TOWN,7253
0000038623,GEORGETOWN,7253
0000038699,MOONAH,7009
0000038708,NEWTOWN,7000
0000038710,QUEENSTOWN,7467
0000038711,INVERMAY,7248
0000038712,CAMDALE,7320
0000038714,Spreyton,7310
0000038715,WYNYARD,7325
0000038716,Burnie,7320
0000038717,Burnie,7320
0000038718,SMITHTON,7330
0000038719,QUOIBA,7310
0000038720,ULVERSTONE,7315
0000038721,Launceston,7250
0000038729,DELORAINE,7304
0000038730,WESTBURY,7303
0000038732,BOTHWELL,7030
0000038733,BOTHWELL,7030
0000038734,BRIDPORT,7262
0000038735,SCOTTSDALE,7260
0000038736,BICHENO,7190
0000038737,ORFORD,7190
0000038738,TRIABUNNA,7190
0000038739,DOVER,7117
0000038740,HUONVILLE,7109
0000038741,Ranelagh,7109
0000038742,Oatlands,7120
0000038743,Strahan,7468
0000038744,TULLAH,7321
0000038745,ZEEHAN,7469
0000038747,Boyer,7140
0000038751,DEVONPORT,7310
0000038752,SORELL,7172
0000038753,SORELL,7172
0000038766,MOONAH,7009
0000038804,HOBART,7000
0000038806,ROSEBERY,7470
0000038808,GEORGETOWN,7253
0000038809,BEACONSFIELD,7270
0000038811,Burnie,7320
0000038812,Burnie,7320
0000038814,DEVONPORT,7310
0000038817,MOONAH,7009
0000038818,ST HELENS,7216
0000038821,Burnie,7320
0000038823,CLARENCE,7270
0000038824,Edith Creek,7330
0000038828,ULVERSTONE,7315
0000038835,Trevallyn,7250
0000038838,GEORGETOWN,7253
0000038839,GEORGETOWN,7253
0000038840,GLENORCHY,7010
0000038842,NEWTOWN,7001
0000038843,INVERMAY,7248
0000038844,CAMDALE,7320
0000038853,BOTHWELL,7030
0000038854,TRIABUNNA,7190
0000038855,HUONVILLE,7109
0000038856,.,7120
0000038858,LONGFORD,7301
0000038861,SORELL,7172
0000038865,MOONAH,7009
0000038867,HOBART,7000
0000039015,Burnie,7320
0000039016,CRADLE MOUNTAIN,7306
0000039034,ROUNDHILL,7320
0000039106,BREADALBANE,7258
0000039107,East Devonport,7310
0000039108,DEVONPORT,7310
0000039193,DERWENT PARK,7009
0000039198,BRIDGENORTH,7277
0000039423,Hounville,7109
0000039527,SMITHTON,7330
0000039529,SMITHTON,7330
0000039540,MOWBRAY,7248
0000039594,MARRAWAH,7330
0000039620,Launceston,7250
0000039666,BELL BAY,7253
0000039669,Launceston,7250
0000039679,NATONE,7321
0000039709,Claremont,7011
0000039731,HOBART,7000
0000039754,BELL BAY,7253
0000039764,Goodwood,7010
0000039804,Claremont,7011
0000039830,INVERMAY,7248
0000039980,ROCHERLEA,7248
0000039989,BEACONSFIELD,7270
0000040026,CAMDALE,7320
0000040139,SORRELL,7172
0000040185,GLENORCHY,7010
0000040199,INVERMAY,7248
0000040285,BELL BAY,7253
0000040329,ORFORD,7190
0000040330,TRIABUNNA,7190
0000040331,BICHENO,7190
0000040364,ROCHERLEA,7248
0000040365,ZEEHAN,7469
0000040402,SOMERSET,7322
0000040483,LUTANA,7009
0000040491,HOBART,7000
0000040492,HOBART,7000
0000040572,SOUTH HOBART,7004
0000040618,BRIDGEWATER,7030
0000040630,DEVONPORT,7310
0000040769,Launceston,7250
0000040796,LONGFORD,7301
0000040816,SOUTH HOBART,7004
0000040873,Launceston,7250
0000040893,DELORAINE,7304
0000041315,STH BURNIE,7565
0000041354,SCOTTSDALE,7260
0000041570,WYNYARD,7325
0000041593,ZEEHAN,7469
0000041910,ST HELENS,7216
0000041936,East Ulverstone,7315
0000042231,DERWENT PARK,7009
0000042303,LUTANA,7009
0000045823,NEWSTEAD,7250
0000046185,GEORGE TOWN,7253
0000046317,Wivenhoe,7320
0000046343,SEVEN MILE BEACH,7170
0000046593,BELL BAY,7253
0000046660,PIPERS RIVER,7252
0000047274,WARRANE,7018
0000047289,HOBART,7009
0000047361,MARGATE,7054
0000047477,MONTAGU BAY,7018
0000047663,WYNYARD,7325
0000047671,NEWSTEAD,7250
0000047754,ROCHERLEA,7248
0000047796,Burnie,7320
0000047804,SMITHTON,7113
0000047805,ROCHERLEA,7248
0000047809,CRADLE MOUNTAIN,7306
0000047817,HOBART,7000
0000047827,FORTH,7310
0000047828,HOBART,7001
0000047873,QUOIBA,7310
0000047902,GEORGETOWN,7253
0000047959,QUEENSTOWN,7467
0000048144,DEVONPORT,7310
0000048223,ROCHERLEA,7248
0000048224,QUEENSTOWN,7467
0000048312,GEORGETOWN,7253
0000048337,SCOTTSDALE,7260
0000048486,QUEENSTOWN,7467
0000048487,ZEEHAN,7469
0000048518,ROSEBERY,7470
0000048566,Burnie,7320
0000048664,Launceston,7250
0000048669,NEW TOWN,7008
0000048670,DEVONPORT,7310
0000048814,Burnie,7320
0000048998,DEVONPORT,7310
0000049063,ELWICK,7010
0000049093,ROCHERLEA,7248
0000049131,ZEEHAN,7469
0000049182,LONGFORD,7301
0000049420,BELL BAY,7253
0000049519,RAILTON,7305
0000049522,AVOCA,7213
0000049523,Campbell Town,7210
0000049526,SCAMANDER,7215
0000049527,ST MARYS,7215
0000049528,CRESSY,7301
0000049529,LONGFORD,7301
0000049530,SCOTTSDALE,7260
0000049587,HOBART,7000
0000049696,Sisters Beach,7321
0000049712,CRADLE MOUNTAIN,7306
0000049866,Wivenhoe,7320
0000049940,Fingal,7214
0000050028,HELLYER,7321
0000050066,"Wivenhoe, BURNIE",7320
0000050269,CRADLE MOUNTAIN,7306
0000050272,HOBART,7001
0000050296,HOBART,7000
0000050300,NEW NORFOLK,7140
0000050356,DEVONPORT,7310
0000050363,DEVONPORT,7310
0000050373,Goodwood,7249
0000050404,HUONVILLE,7109
0000050405,DOVER,7117
0000050406,HASTINGS,7109
0000050671,East Devonport,7310
0000050685,SMITHTON,7330
0000050831,Latrobe,7307
0000050947,FORTH,7310
0000050955,SAVAGE RIVER,7321
0000050992,TEMMA,7330
0000051000,Quobia,7310
0000051312,DELORAINE,7304
0000051369,HOBART,7000
0000051372,HOBART,7000
0000051472,HOBART,7000
0000051528,"BATTERY POINT, HOBART",7004
0000051530,DOVER,7117
0000051680,SOUTH HOBART,7004
0000051685,ZEEHAN,7469
0000051888,SWANSEA,7190
0000051920,INVERMAY,""
0000051933,QUEENSTOWN,7467
0000052017,NEW NORFOLK,7140
0000052283,CAMDALE,7320
0000052378,WILMOT,7310
0000052628,GLENORCHY,7010
0000052705,ST HELENS,7216
0000052733,GLENORCHY,7010
0000053065,KINGSTON,7050
0000053076,HELLYER,7321
0000053114,Launceston,7248
0000053168,INVERMAY,7248
0000053250,Ranelagh,7109
0000053624,Campbell Town,7210
0000053722,KING ISLAND,7256
0000053845,SMITHTON,7330
0000053914,Edith Creek,7330
0000053917,MOONAH,7009
0000054091,HEYBRIDGE,7320
0000054094,HEYBRIDGE,7320
0000054125,Prospect,7250
0000054143,SMITHTON,7330
0000054214,New Norforlk,7140
0000054325,"Invermay, Launceston",7250
0000054406,DELORAINE,7304
0000054525,Whitemore,7303
0000054543,CRESSY,7302
0000054853,MOONAH,7009
0000054856,South Launceston,7249
0000054891,Granton,7030
0000054900,East Devonport,7310
0000055045,St Leonards,7250
0000055082,Spreyton,7310
0000055120,Wivenhoe,7320
0000055125,St Leonards,7250
0000055335,Launceston,7250
0000055389,KINGS MEADOWS,7249
0000055420,LUTANA,7009
0000055429,INVERMAY,7249
0000055472,MOONAH,7009
0000055674,Port Latta,7321
0000055690,Hampshire,7322
0000055705,DERWENT PARK,7009
0000055946,Boomer Bay,7177
0000055982,ULVERSTONE,7315
0000055990,Oatlands,7120
0000056038,ULVERSTONE,7315
0000056051,ULVERSTONE,7315
0000056070,Trevallyn,7250
0000056090,WESTBURY,7303
0000056264,Launceston,7250
0000056375,Burnie,7320
0000056380,DEVONPORT,7310
0000056508,EDITH CREEK TAS,7330
0000056602,DELORAINE,7304
0000056652,HOBART,7000
0000056846,Coles Bay,7215
0000056928,DEVONPORT,7310
0000057014,Fingal,7214
0000057114,Bracknell,7302
0000057205,BRIGHTON,7030
0000057226,HOBART,7000
0000057405,QUEENSTOWN,7467
0000057547,Port Latta,7321
0000057559,HOBART,7001
0000057578,Risdon Vale,7016
0000057776,LONGFORD,7301
0000057810,Launceston,7250
0000057968,INVERMAY,7248
0000058067,SASSAFRAS,7307
0000058171,Don,7310
0000058472,"Wivenhoe, BURNIE",7320
0000058516,Burnie,7320
0000058517,ROSEBERY,7470
0000058518,Burnie,7320
0000058540,Burnie,7320
0000058541,QUEENSTOWN,7467
0000058569,Port Latta,7321
0000058579,QUEENSTOWN,7467
0000058743,Spreyton,7310
0000058921,LEGANA,7277
0000058923,ZEEHAN,7469
0000058939,National Park,7140
0000059363,ROSEBERY,7470
0000059418,ROCHERLEA,7248
0000059513,SCOTTSDALE,7260
0000059531,Ouse,7140
0000059536,ST MARYS,7215
0000059631,TRIABUNNA,7190
0000059650,DERWENT PARK,7000
0000059736,Launceston,7212
0000059870,ORFORD,7190
0000059876,Dilston,7252
0000059880,WYNYARD,7325
0000059905,GLENORCHY,7010
0000059961,EXETER,7275
0000060123,BRIGHTON,7030
0000060180,Wivenhoe,7320
0000060407,INVERMAY,7249
0000060478,Cooee,7320
0000060673,SMITHTON,7330
0000060681,SMITHTON,7330
0000060775,MOONAH,7009
0000060915,MOWBRAY,7248
0000061102,Colbrook,7027
0000061154,Mole Creek,7306
0000061165,"NEWSTEAD, Tasmania",7250
0000061207,Burnie,7320
0000061271,Havenview,7320
0000061305,BOTHWELL,7030
0000061332,Austin's Ferry,7011
0000061358,MORNINGTON,7018
0000061483,SMITHTON,7330
0000061506,DEVONPORT,7310
0000061578,SOMERSET,7322
0000061640,INVERMAY,7248
0000061661,WESTBURY,7303
0000061693,Tunbridge,7120
0000061791,Ringarooma,7263
0000061844,Cambridge,7170
0000061923,SMITHTON,7330
0000061944,Launceston,7250
0000061970,Launceston,7250
0000062081,Cambridge,7170
0000062103,LUTANA,7009
0000062254,Launceston,7250
0000062346,Tarraleah,7140
0000062364,Wivenhoe,7320
0000062378,Risdon Vale,7016
0000062418,WYNYARD,7325
0000062526,Pontville,7030
0000062568,MARGATE,7054
0000062787,QUEENSTOWN,7467
0000062810,SMITHTON,7330
0000062881,Kings Medows,7249
0000062922,GLENORCHY,7010
0000062931,Westerway,7140
0000062932,Prospect,7250
0000063028,DOVER,7117
0000063085,Waratah,7321
0000063095,MOONAH,7009
0000063255,ROSEBERY,7470
0000063320,Boyer,7140
0000063436,PERTH,7300
0000063517,Waratah,7321
0000063524,SOMERSET,7321
0000063576,Trevallyn,7250
0000063590,WYNYARD,7325
0000063683,Bushy Park,7140
0000063764,ZEEHAN,7469
0000063792,SMITHTON,7330
0000063857,BRIGHTON,7030
0000063889,SMITHTON,7330
0000064076,Geeveston,7116
0000064084,ULVERSTONE,7315
0000064095,Don,7310
0000064178,ROCHERLEA,7248
0000064243,Leslie Vale,7054
0000064273,BOTHWELL,7030
0000064347,SMITHTON,7330
0000064492,BRIDGEWATER,7030
0000064507,Burnie,7320
0000064612,Edith Creek,7330
0000064655,TASMANIA,7256
0000064656,East Devonport,7310
0000064697,INVERMAY,7248
0000064823,Launceston,7250
0000064857,DERWENT PARK,7009
0000064868,Lenah Valley,7008
0000064870,MORNINGTON,7018
0000064906,QUOIBA,7310
0000065113,QUOIBA,7310
0000065144,Burnie,7320
0000065164,Edith Creek,7330
0000065173,Burnie,7320
0000065226,Strahan,7469
0000065238,LONGFORD,7301
0000065311,Kingsmeadows,7249
0000065391,HUONVILLE,7109
0000065573,LEGANA,7727
0000097607,Burnie,""
0000097608,HOBART,""
0000097611,Launceston,""
T101,HEYBRIDGE,7320
T200,DERWENT PARK,7009
T300,Launceston,7250
T301,HEYBRIDGE,7316
T302,Burnie,7320
T303,Latrobe,7307
T304,Burnie,7320
T305,HOBART,7000
T306,HOBART,7000
T307,Risdon,7016
T308,DEVONPORT,7310
T309,Burnie,7320
T311,BELL BAY,7523
T312,Bernie,7320
T313,KINGSTON,7050
T314,Nabowla,7260
T315,HOBART,7000
T316,HOBART,7000
T317,Burnie,7320
T318,Devenport,7310
T319,Burnie,""
